date,region,product,category,revenue,quantity,cost,customer_id,profit
2025-04-13,East,Tool Z,Electronics,3023.48,52,3036.5,9347,-13.02
2025-12-15,East,Gadget Y,Software,1452.35,9,4018.34,2812,-2565.99
2025-09-28,North,Tool Z,Electronics,6551.23,54,2374.12,6724,4177.11
2025-04-17,South,Gadget X,Electronics,7412.11,1,2142.15,2407,5269.96
2025-03-13,South,Widget A,Hardware,3224.71,44,4978.41,9032,-1753.7
2025-07-08,West,Gadget X,Hardware,6483.84,99,101.94,2410,6381.9
2025-01-21,South,Gadget X,Hardware,4011.8,75,4480.57,4497,-468.77
2025-04-13,North,Widget B,Hardware,7160.75,98,788.25,5372,6372.5
2025-05-02,East,Widget B,Software,2072.23,80,3940.33,8394,-1868.1
2025-08-03,South,Widget B,Software,8913.13,9,3108.76,1551,5804.37
2025-11-27,West,Widget B,Software,2945.36,32,1742.14,5332,1203.22
2025-03-29,South,Tool Z,Hardware,3741.08,15,4375.68,1997,-634.6
2025-04-10,North,Gadget Y,Hardware,675.11,12,113.89,5076,561.22
2025-12-26,West,Widget A,Hardware,1203.97,97,1172.12,7099,31.85
2025-06-01,South,Gadget X,Software,5207.03,78,2856.12,6555,2350.91
2025-05-11,West,Tool Z,Hardware,2749.17,57,1790.13,5052,959.04
2025-05-30,North,Widget A,Electronics,8371.25,8,3071.37,6303,5299.88
2025-11-05,East,Tool Z,Electronics,245.46,72,169.35,9118,76.11
2025-09-15,North,Tool Z,Hardware,3853.03,27,626.47,7102,3226.56
2025-12-10,North,Gadget X,Electronics,3439.72,62,679.13,6490,2760.59
2025-10-21,North,Gadget Y,Electronics,291.34,12,986.95,9564,-695.61
2025-07-11,North,Widget B,Software,1331.25,65,2323.69,6616,-992.44
2025-10-04,East,Gadget Y,Hardware,4195.06,42,3773.04,3248,422.02
2025-06-10,East,Gadget X,Hardware,4979.36,62,4532.42,1848,446.94
2025-11-10,West,Gadget X,Software,4102.47,11,4185.09,7354,-82.62
2025-01-22,South,Gadget X,Electronics,5356.28,43,1024.59,9695,4331.69
2025-09-10,East,Widget A,Electronics,5991.8,95,2233.7,9070,3758.1
2025-08-24,East,Gadget Y,Hardware,198.25,17,1037.09,9894,-838.84
2025-12-11,South,Gadget Y,Electronics,4694.54,97,1359.14,4625,3335.4
2025-02-18,East,Tool Z,Software,9638.64,32,2542.56,1314,7096.08
2025-02-28,North,Tool Z,Software,5238.42,93,387.14,3376,4851.28
2025-06-19,North,Tool Z,Hardware,6807.67,85,1129.96,5378,5677.71
2025-07-07,South,Gadget X,Software,3187.45,85,4680.12,9449,-1492.67
2025-09-28,West,Gadget Y,Software,7762.51,40,2357.28,1574,5405.23
2025-07-09,West,Gadget X,Hardware,7751.92,23,2254.66,6585,5497.26
2025-06-24,South,Widget A,Software,5260.83,56,122.11,6492,5138.72
2025-02-20,South,Tool Z,Software,9762.54,6,1274.63,9949,8487.91
2025-12-30,North,Gadget X,Software,1342.95,86,4338.15,3810,-2995.2
2025-02-24,West,Gadget X,Electronics,267.78,50,864.91,9134,-597.13
2025-09-01,East,Widget A,Hardware,7724.57,37,2104.87,6670,5619.7
2025-11-16,North,Widget B,Hardware,8090.84,64,120.94,8715,7969.9
2025-05-11,South,Gadget Y,Hardware,1290.05,54,2417.76,7567,-1127.71
2025-11-03,West,Widget B,Electronics,2729.27,72,154.05,4459,2575.22
2025-05-15,East,Tool Z,Electronics,273.77,49,4107.07,7117,-3833.3
2025-01-21,East,Gadget X,Hardware,3003.76,99,4133.03,4992,-1129.27
2025-11-25,North,Widget A,Electronics,7754.1,11,3949.32,8837,3804.78
2025-06-16,West,Widget A,Hardware,5227.81,88,1452.65,1203,3775.16
2025-10-01,West,Gadget Y,Electronics,3546.15,49,4194.32,3775,-648.17
2025-03-30,South,Widget B,Software,3780.22,21,2737.84,2992,1042.38
2025-11-12,West,Gadget Y,Software,113.4,66,1900.35,3243,-1786.95
2025-01-14,West,Gadget X,Hardware,3068.03,63,3145.38,9498,-77.35
2025-08-30,North,Gadget Y,Electronics,6499.94,83,111.09,2687,6388.85
2025-09-22,West,Widget A,Electronics,9744.52,28,757.66,5109,8986.86
2025-12-12,East,Widget A,Software,8485.9,17,3724.35,2860,4761.55
2025-02-22,North,Tool Z,Software,333.59,6,1258.6,6176,-925.01
2025-12-06,North,Tool Z,Electronics,8995.75,19,3010.15,1722,5985.6
2025-04-02,South,Gadget X,Electronics,7853.66,56,1956.26,9971,5897.4
2025-09-21,West,Widget B,Electronics,7825.72,28,4281.29,9720,3544.43
2025-02-04,South,Gadget Y,Electronics,4634.16,66,4764.46,5893,-130.3
2025-07-25,East,Gadget X,Electronics,4040.25,38,4423.65,1343,-383.4
2025-03-22,North,Tool Z,Electronics,3098.87,37,1389.57,6398,1709.3
2025-02-19,North,Gadget Y,Hardware,750.38,68,1011.11,9400,-260.73
2025-12-26,North,Tool Z,Electronics,2359.53,86,2398.45,5736,-38.92
2025-01-02,East,Gadget Y,Software,2541.38,90,86.3,4406,2455.08
2025-02-23,East,Widget B,Hardware,4892.36,49,177.76,1919,4714.6
2025-04-16,South,Gadget X,Electronics,7499.7,43,2788.79,6819,4710.91
2025-09-17,South,Gadget Y,Software,4790.72,36,2626.22,3044,2164.5
2025-11-06,South,Widget A,Hardware,672.66,58,4973.18,1418,-4300.52
2025-07-10,West,Widget A,Software,9582.12,13,1049.12,2749,8533.0
2025-08-06,North,Gadget Y,Electronics,9432.97,52,1327.61,8378,8105.36
2025-02-13,North,Gadget Y,Electronics,7873.38,58,612.03,2099,7261.35
2025-06-11,South,Gadget Y,Electronics,9914.15,32,4591.84,4392,5322.31
2025-07-21,North,Widget A,Electronics,5490.38,81,3900.17,3772,1590.21
2025-09-27,South,Widget A,Hardware,9631.41,60,4120.58,7784,5510.83
2025-12-17,West,Gadget Y,Hardware,848.49,83,4518.68,2545,-3670.19
2025-10-31,West,Tool Z,Software,3720.24,58,2648.25,2070,1071.99
2025-09-28,East,Tool Z,Electronics,2331.27,99,2283.41,7522,47.86
2025-08-03,West,Widget B,Software,2038.75,56,1685.44,2850,353.31
2025-09-09,South,Gadget X,Hardware,1493.95,28,2966.61,6053,-1472.66
2025-07-09,West,Tool Z,Electronics,6261.9,1,2298.68,3939,3963.22
2025-10-23,East,Widget A,Electronics,7835.09,42,2285.25,8194,5549.84
2025-08-01,North,Tool Z,Hardware,5825.15,82,4687.79,6851,1137.36
2025-07-27,South,Widget B,Hardware,1554.93,48,4920.96,7673,-3366.03
2025-08-25,North,Widget B,Hardware,8130.13,40,3992.6,1678,4137.53
2025-12-04,East,Gadget X,Hardware,6395.95,97,3795.95,1988,2600.0
2025-02-22,East,Tool Z,Hardware,3942.84,63,3418.76,2502,524.08
2025-10-07,East,Widget A,Electronics,6773.89,76,872.07,2789,5901.82
2025-08-05,North,Widget A,Hardware,2673.06,72,342.57,6281,2330.49
2025-09-09,North,Gadget Y,Electronics,3517.4,88,3469.1,6027,48.3
2025-07-07,North,Widget A,Electronics,9183.11,80,3657.49,2425,5525.62
2025-02-10,North,Gadget X,Hardware,2975.99,4,282.52,7654,2693.47
2025-06-06,East,Gadget X,Hardware,4752.88,38,4643.86,3440,109.02
2025-01-15,East,Widget A,Electronics,8912.4,27,501.15,7856,8411.25
2025-10-28,South,Widget A,Hardware,7106.44,9,1465.21,8367,5641.23
2025-03-06,South,Gadget Y,Hardware,715.81,16,3378.33,3594,-2662.52
2025-12-11,North,Widget A,Hardware,1558.3,56,890.87,5689,667.43
2025-11-23,West,Gadget Y,Software,177.63,76,324.31,3436,-146.68
2025-01-09,West,Gadget Y,Electronics,6346.13,31,1689.18,6517,4656.95
2025-12-10,East,Widget A,Software,4531.97,88,3841.56,7310,690.41
2025-05-09,East,Widget B,Hardware,1429.32,14,2097.71,4539,-668.39
2025-05-16,East,Widget B,Software,9583.55,25,3282.22,4483,6301.33
2025-03-04,South,Gadget Y,Hardware,5343.63,34,2919.11,8371,2424.52
2025-05-19,South,Widget A,Software,2494.74,67,159.98,3241,2334.76
2025-03-22,East,Widget B,Hardware,5055.98,24,4943.27,7378,112.71
2025-06-12,East,Widget A,Software,6828.24,73,255.07,3765,6573.17
2025-10-16,East,Widget A,Software,854.77,26,4840.62,5911,-3985.85
2025-09-18,West,Widget A,Software,2819.57,20,2771.83,1403,47.74
2025-08-19,South,Tool Z,Electronics,8088.96,64,4817.64,4382,3271.32
2025-02-10,West,Widget A,Software,4650.68,10,618.03,5163,4032.65
2025-01-28,West,Tool Z,Electronics,5511.11,83,2477.52,8630,3033.59
2025-05-15,East,Gadget Y,Hardware,4384.88,67,889.05,1087,3495.83
2025-07-20,East,Widget B,Software,534.61,24,302.33,6816,232.28
2025-11-24,North,Widget B,Hardware,1740.92,5,3106.77,6470,-1365.85
2025-09-25,North,Widget B,Hardware,4510.86,67,1078.53,7276,3432.33
2025-02-02,West,Widget B,Software,2170.94,58,2959.1,6739,-788.16
2025-02-17,South,Widget B,Electronics,594.79,27,606.2,5273,-11.41
2025-03-03,East,Widget B,Software,8452.13,80,1693.33,7523,6758.8
2025-08-04,East,Widget B,Hardware,9813.81,15,3919.08,6003,5894.73
2025-10-20,West,Gadget Y,Hardware,7952.11,35,2213.41,9038,5738.7
2025-04-09,North,Widget A,Software,8552.47,76,3157.34,7606,5395.13
2025-06-21,South,Gadget X,Electronics,2495.57,53,3254.92,3064,-759.35
2025-12-26,North,Tool Z,Electronics,9610.21,44,4226.59,6315,5383.62
2025-08-02,North,Gadget X,Hardware,2049.56,26,1658.37,1317,391.19
2025-02-04,North,Gadget X,Hardware,9519.16,47,3452.11,2502,6067.05
2025-08-15,North,Widget A,Electronics,9948.71,34,4810.0,7130,5138.71
2025-04-11,East,Widget A,Software,7146.06,87,3664.7,8419,3481.36
2025-05-11,East,Widget A,Hardware,9813.32,95,2474.86,3042,7338.46
2025-09-14,North,Widget B,Electronics,5738.44,50,3172.05,5598,2566.39
2025-01-05,South,Gadget Y,Hardware,2669.46,84,3711.43,1118,-1041.97
2025-08-06,West,Widget B,Software,4426.26,12,3080.77,1709,1345.49
2025-09-12,South,Gadget Y,Electronics,5976.25,87,132.55,4557,5843.7
2025-12-25,South,Gadget Y,Hardware,823.51,4,1014.13,4250,-190.62
2025-10-10,South,Gadget X,Software,6261.2,87,4061.82,9061,2199.38
2025-07-26,North,Gadget X,Hardware,9813.66,48,1399.62,9609,8414.04
2025-01-15,East,Gadget Y,Software,1982.07,55,3671.23,3603,-1689.16
2025-12-12,South,Gadget Y,Software,7946.69,1,1892.0,2101,6054.69
2025-02-11,North,Widget B,Electronics,9088.2,89,2633.33,5421,6454.87
2025-06-28,South,Widget B,Software,9442.65,66,386.47,8857,9056.18
2025-03-04,South,Gadget X,Hardware,9605.34,30,947.07,9177,8658.27
2025-12-18,North,Widget A,Software,5262.45,3,4788.12,7082,474.33
2025-08-19,East,Gadget Y,Software,9775.35,21,4456.18,7658,5319.17
2025-08-29,East,Widget B,Electronics,7597.37,89,3278.76,3261,4318.61
2025-02-21,West,Gadget X,Software,1700.55,84,2325.24,9021,-624.69
2025-04-06,North,Widget B,Software,4821.31,49,3395.02,1508,1426.29
2025-08-10,West,Gadget Y,Hardware,7211.48,86,3112.12,3379,4099.36
2025-08-19,West,Gadget Y,Electronics,2548.67,85,2864.33,9879,-315.66
2025-08-25,West,Tool Z,Electronics,6442.09,62,342.93,5752,6099.16
2025-05-23,East,Widget A,Electronics,6699.34,97,3182.37,6495,3516.97
2025-06-20,North,Tool Z,Software,1710.73,38,3856.15,4209,-2145.42
2025-01-29,West,Gadget X,Electronics,5694.34,15,4970.7,8398,723.64
2025-02-05,North,Widget B,Software,7739.11,52,104.84,7743,7634.27
2025-01-13,North,Gadget X,Software,5039.07,79,3664.36,6648,1374.71
2025-06-09,East,Gadget Y,Hardware,219.82,46,2880.36,6171,-2660.54
2025-11-23,West,Tool Z,Hardware,189.48,25,2198.56,8890,-2009.08
2025-07-06,West,Tool Z,Hardware,3634.59,21,681.47,1324,2953.12
2025-08-31,North,Tool Z,Hardware,9269.32,88,2074.97,4557,7194.35
2025-03-27,South,Gadget X,Hardware,2363.9,5,1804.17,4587,559.73
2025-10-11,East,Gadget Y,Software,6380.2,70,1549.01,1151,4831.19
2025-03-07,East,Widget B,Software,2298.55,47,3667.85,1954,-1369.3
2025-06-19,East,Widget B,Electronics,3284.53,87,3518.59,5354,-234.06
2025-02-14,East,Gadget X,Software,8495.62,68,2965.65,8160,5529.97
2025-03-03,West,Tool Z,Software,7315.73,91,4696.39,1687,2619.34
2025-05-14,West,Widget A,Hardware,1044.45,18,1781.78,9501,-737.33
2025-10-11,South,Gadget X,Software,4344.15,21,1256.82,4127,3087.33
2025-01-28,East,Gadget X,Hardware,388.78,92,3296.72,7763,-2907.94
2025-04-18,East,Gadget Y,Electronics,4860.81,99,1034.13,4395,3826.68
2025-02-13,North,Widget B,Electronics,6658.1,86,1609.3,1845,5048.8
2025-12-06,West,Gadget X,Software,1273.18,23,1161.78,2164,111.4
2025-10-13,East,Gadget X,Electronics,2959.96,64,392.31,6904,2567.65
2025-11-27,South,Tool Z,Software,4038.58,67,4146.12,6360,-107.54
2025-05-08,South,Tool Z,Electronics,9203.36,40,1309.98,1354,7893.38
2025-12-14,West,Widget A,Hardware,9933.22,10,2391.49,2872,7541.73
2025-08-19,South,Gadget Y,Hardware,544.62,89,264.41,3024,280.21
2025-07-09,South,Widget A,Hardware,7633.98,52,3511.73,3817,4122.25
2025-08-13,West,Tool Z,Hardware,3780.07,72,1686.28,4832,2093.79
2025-10-10,East,Widget B,Software,3985.34,75,3736.45,9257,248.89
2025-05-01,East,Tool Z,Electronics,7567.22,61,2091.4,3581,5475.82
2025-04-26,South,Gadget Y,Software,9192.42,64,1018.99,3486,8173.43
2025-08-21,South,Tool Z,Hardware,9514.19,5,2590.22,9418,6923.97
2025-09-16,East,Gadget Y,Software,5813.51,53,696.0,3443,5117.51
2025-12-25,West,Gadget Y,Electronics,3635.5,55,2230.67,9919,1404.83
2025-07-17,South,Gadget Y,Software,7896.74,37,1620.66,2036,6276.08
2025-05-17,North,Gadget Y,Electronics,2584.91,56,4564.2,9684,-1979.29
2025-11-14,West,Gadget Y,Software,5684.33,59,351.6,8435,5332.73
2025-06-14,South,Widget B,Electronics,3649.93,93,3485.39,2548,164.54
2025-08-13,South,Widget A,Electronics,6600.65,69,954.62,6065,5646.03
2025-11-03,North,Gadget X,Hardware,2479.95,73,1629.27,7496,850.68
2025-08-22,North,Widget A,Electronics,1996.77,59,2106.79,7183,-110.02
2025-06-21,East,Gadget Y,Hardware,9190.57,2,4544.67,4957,4645.9
2025-06-01,West,Widget B,Hardware,1107.86,65,1250.76,4407,-142.9
2025-11-11,West,Tool Z,Hardware,5108.98,60,501.98,1639,4607.0
2025-06-09,East,Widget B,Software,2286.44,51,1627.51,1172,658.93
2025-04-06,West,Gadget Y,Software,485.41,30,568.15,6666,-82.74
2025-08-21,West,Widget B,Software,456.59,11,686.55,5354,-229.96
2025-06-29,West,Widget B,Software,1834.7,92,2890.56,4959,-1055.86
2025-04-23,West,Gadget Y,Electronics,8681.03,76,351.46,9708,8329.57
2025-11-14,West,Widget B,Electronics,2896.54,39,203.11,9714,2693.43
2025-02-21,North,Gadget X,Software,9509.55,90,3586.35,3886,5923.2
2025-09-25,West,Gadget X,Electronics,5858.06,77,1840.15,3164,4017.91
2025-10-22,North,Widget B,Electronics,4422.48,72,670.61,4945,3751.87
2025-04-23,West,Tool Z,Hardware,5842.88,63,1305.38,6235,4537.5
2025-04-11,East,Gadget Y,Hardware,5215.31,64,3228.33,8746,1986.98
2025-04-23,South,Gadget X,Hardware,7611.88,61,1413.91,3590,6197.97
2025-03-22,North,Tool Z,Hardware,2896.71,54,2497.88,8754,398.83
2025-07-06,West,Widget B,Electronics,3595.2,92,652.39,5934,2942.81
2025-04-23,East,Tool Z,Software,8951.53,94,2961.06,5076,5990.47
2025-01-02,South,Widget A,Electronics,9469.92,73,1614.58,6185,7855.34
2025-05-10,North,Gadget X,Electronics,8936.33,95,3153.49,2093,5782.84
2025-08-08,South,Widget B,Electronics,4252.54,58,4051.55,4880,200.99
2025-02-23,East,Gadget Y,Hardware,7825.62,85,3077.65,7559,4747.97
2025-12-09,North,Widget B,Hardware,4815.72,56,1513.95,3785,3301.77
2025-08-12,South,Gadget Y,Hardware,5025.64,34,1315.93,7065,3709.71
2025-08-13,West,Widget B,Software,2126.33,31,1670.73,7539,455.6
2025-05-06,North,Tool Z,Electronics,5952.19,52,864.87,2574,5087.32
2025-05-10,South,Tool Z,Software,1942.75,89,946.8,6676,995.95
2025-02-22,East,Tool Z,Hardware,3382.49,76,3963.92,9060,-581.43
2025-06-21,East,Widget A,Software,8564.8,1,1954.43,4990,6610.37
2025-08-06,North,Gadget Y,Electronics,2150.05,55,2208.18,6210,-58.13
2025-06-09,South,Tool Z,Electronics,804.47,22,2990.54,5845,-2186.07
2025-07-17,North,Widget A,Hardware,783.18,40,2968.78,2189,-2185.6
2025-09-04,North,Gadget Y,Hardware,9413.77,1,383.52,3689,9030.25
2025-11-20,South,Widget B,Software,5118.51,65,4166.13,5095,952.38
2025-07-22,South,Widget A,Hardware,4153.18,63,927.77,2875,3225.41
2025-07-03,West,Gadget X,Hardware,8127.7,54,3629.2,8768,4498.5
2025-05-03,South,Widget A,Electronics,8374.68,42,3874.72,4406,4499.96
2025-09-12,East,Widget A,Hardware,3388.69,21,3588.75,4932,-200.06
2025-10-21,North,Gadget Y,Hardware,6966.82,79,2915.94,9240,4050.88
2025-10-07,North,Widget B,Electronics,7734.12,81,122.31,6408,7611.81
2025-11-21,East,Gadget X,Electronics,6581.04,22,1833.86,4861,4747.18
2025-04-08,South,Tool Z,Software,1600.79,38,3043.96,8406,-1443.17
2025-07-17,East,Tool Z,Hardware,8771.24,99,1967.88,3833,6803.36
2025-08-28,East,Widget A,Electronics,5437.04,80,4324.23,6285,1112.81
2025-05-24,West,Gadget Y,Software,2896.48,8,1578.57,8645,1317.91
2025-04-07,East,Gadget Y,Software,4309.76,62,1503.0,5777,2806.76
2025-07-20,North,Tool Z,Hardware,471.95,47,1366.69,3735,-894.74
2025-05-04,East,Gadget X,Hardware,1365.88,17,1697.27,9273,-331.39
2025-07-06,North,Widget B,Software,7678.91,17,2809.15,9278,4869.76
2025-11-22,North,Gadget X,Electronics,100.12,90,3549.73,7368,-3449.61
2025-12-15,North,Widget B,Software,4224.0,13,3329.71,1821,894.29
2025-09-16,South,Tool Z,Hardware,5272.85,17,4048.2,8525,1224.65
2025-05-28,West,Widget B,Electronics,640.88,38,4435.27,1162,-3794.39
2025-09-09,North,Gadget Y,Electronics,9733.47,81,4089.59,8777,5643.88
2025-12-12,North,Widget A,Software,2338.64,78,143.78,2932,2194.86
2025-05-27,South,Widget A,Hardware,3111.57,45,3692.79,4535,-581.22
2025-05-28,North,Tool Z,Software,3109.03,6,1081.58,6956,2027.45
2025-12-18,East,Gadget Y,Software,2381.12,35,707.99,4446,1673.13
2025-07-18,East,Gadget X,Software,114.59,14,3210.52,3790,-3095.93
2025-11-04,West,Gadget Y,Electronics,7320.51,72,1632.73,3707,5687.78
2025-05-08,North,Widget A,Electronics,9671.77,61,332.73,8959,9339.04
2025-02-08,South,Widget A,Hardware,2320.51,15,731.27,4933,1589.24
2025-12-04,East,Gadget Y,Hardware,6664.17,54,54.6,4385,6609.57
2025-12-26,South,Gadget Y,Software,7444.77,27,4520.96,7636,2923.81
2025-05-09,South,Widget A,Software,8499.41,13,171.86,1922,8327.55
2025-09-24,East,Gadget X,Software,4284.03,31,1086.81,9089,3197.22
2025-05-31,South,Tool Z,Hardware,3099.02,35,2110.5,1564,988.52
2025-10-25,East,Tool Z,Electronics,3320.42,60,1815.03,4258,1505.39
2025-04-09,South,Gadget Y,Electronics,7154.95,6,4563.04,3500,2591.91
2025-09-20,East,Tool Z,Software,8186.12,69,249.43,5566,7936.69
2025-09-09,North,Widget A,Software,1897.98,86,2585.46,7881,-687.48
2025-05-24,West,Widget A,Software,3772.32,58,3418.37,4636,353.95
2025-12-12,East,Gadget Y,Software,9029.21,49,4661.9,7030,4367.31
2025-04-22,East,Gadget Y,Hardware,8086.27,23,3120.84,1223,4965.43
2025-03-01,West,Gadget Y,Electronics,9850.1,89,4028.59,7297,5821.51
2025-01-02,East,Gadget X,Software,7567.06,34,464.44,1350,7102.62
2025-10-31,East,Tool Z,Hardware,3992.63,26,1960.4,8314,2032.23
2025-09-11,South,Gadget Y,Software,5947.31,47,1901.04,2928,4046.27
2025-05-20,West,Widget B,Software,6644.04,5,4437.13,8743,2206.91
2025-02-06,North,Widget B,Electronics,876.71,90,799.29,9540,77.42
2025-06-09,East,Widget A,Software,5490.52,20,801.84,5732,4688.68
2025-01-09,West,Tool Z,Electronics,7122.28,6,1676.36,2017,5445.92
2025-08-21,South,Gadget Y,Electronics,1756.48,70,319.61,3226,1436.87
2025-04-09,North,Widget B,Electronics,7828.25,59,953.17,8206,6875.08
2025-05-27,West,Tool Z,Hardware,5879.35,64,4827.79,8170,1051.56
2025-10-31,North,Widget A,Hardware,9527.0,18,2169.51,7207,7357.49
2025-07-27,North,Gadget X,Electronics,519.98,4,3178.5,3419,-2658.52
2025-05-11,North,Tool Z,Software,2726.73,17,3644.25,7240,-917.52
2025-06-01,East,Tool Z,Electronics,6055.38,14,1866.46,2893,4188.92
2025-02-23,East,Gadget X,Software,3035.94,78,778.77,6322,2257.17
2025-04-30,South,Tool Z,Electronics,7172.8,13,1072.58,8718,6100.22
2025-06-10,South,Widget A,Software,7614.15,7,1600.67,7878,6013.48
2025-04-26,West,Widget A,Hardware,1114.91,44,3198.54,2125,-2083.63
2025-03-16,South,Gadget X,Software,5187.16,15,2021.49,4117,3165.67
2025-04-23,North,Gadget Y,Electronics,5138.02,19,83.73,5161,5054.29
2025-04-14,North,Widget B,Hardware,3755.88,63,2640.87,5042,1115.01
2025-12-06,East,Gadget Y,Software,9335.96,35,4611.49,5433,4724.47
2025-09-11,North,Tool Z,Software,8292.31,81,4069.78,9638,4222.53
2025-08-15,West,Widget B,Software,7002.37,35,4134.8,3658,2867.57
2025-04-22,North,Gadget X,Software,7171.83,19,3985.54,4483,3186.29
2025-04-09,North,Gadget X,Software,4670.99,20,1652.47,3944,3018.52
2025-06-02,West,Widget B,Hardware,9217.85,35,3837.71,8210,5380.14
2025-12-15,South,Widget A,Hardware,6976.49,32,758.65,8653,6217.84
2025-12-04,South,Widget B,Hardware,7316.91,48,3305.69,9787,4011.22
2025-07-13,West,Tool Z,Hardware,8630.74,44,3225.76,2986,5404.98
2025-11-06,East,Widget A,Electronics,2813.31,24,176.57,2074,2636.74
2025-06-12,North,Gadget X,Hardware,8090.0,61,3950.45,5305,4139.55
2025-07-27,West,Widget B,Software,2032.88,17,4521.08,4007,-2488.2
2025-06-18,North,Gadget Y,Software,3518.89,71,1373.71,1969,2145.18
2025-06-10,East,Gadget Y,Hardware,3422.54,50,4071.33,9772,-648.79
2025-03-09,North,Tool Z,Software,9787.4,65,457.91,3824,9329.49
2025-10-16,West,Gadget Y,Hardware,8579.72,99,3019.84,2211,5559.88
2025-10-04,North,Widget B,Software,7041.58,32,2453.95,1229,4587.63
2025-10-31,South,Widget B,Electronics,7297.86,36,2752.32,5284,4545.54
2025-05-15,East,Gadget Y,Electronics,5664.52,13,4634.72,4185,1029.8
2025-07-14,East,Widget B,Hardware,9476.2,70,4363.01,1501,5113.19
2025-05-08,East,Tool Z,Hardware,5012.96,58,3936.16,1048,1076.8
2025-02-02,West,Widget A,Hardware,3867.13,14,1404.81,4566,2462.32
2025-06-25,East,Tool Z,Software,1714.05,37,4563.5,4055,-2849.45
2025-01-22,South,Tool Z,Hardware,7883.44,79,532.66,9880,7350.78
2025-08-26,West,Widget B,Electronics,7370.99,68,4273.98,1386,3097.01
2025-06-07,South,Widget A,Software,3905.11,40,1674.39,1969,2230.72
2025-02-07,North,Widget B,Hardware,349.41,59,316.17,6820,33.24
2025-08-18,North,Gadget X,Software,8406.07,80,3363.32,4052,5042.75
2025-12-31,North,Widget B,Software,213.04,92,1194.84,8397,-981.8
2025-02-20,North,Widget B,Hardware,7066.63,16,1255.68,3302,5810.95
2025-09-21,South,Widget B,Software,9705.55,62,1564.93,3283,8140.62
2025-10-10,West,Widget A,Electronics,4432.85,4,365.24,5366,4067.61
2025-01-27,West,Widget B,Electronics,2426.24,45,926.78,1122,1499.46
2025-08-14,East,Widget A,Software,7078.22,90,75.44,7799,7002.78
2025-10-04,South,Gadget Y,Hardware,8189.57,28,2254.78,4727,5934.79
2025-10-13,North,Gadget X,Software,5509.66,96,467.06,9450,5042.6
2025-04-07,South,Widget A,Electronics,9673.65,66,3429.13,5958,6244.52
2025-10-11,East,Gadget Y,Software,611.52,31,1216.33,1524,-604.81
2025-11-13,East,Widget A,Software,5097.48,3,4720.69,9399,376.79
2025-10-31,South,Widget A,Electronics,7212.69,8,4362.7,1148,2849.99
2025-05-27,South,Gadget X,Software,8640.14,24,1482.73,9001,7157.41
2025-01-04,South,Tool Z,Software,1874.63,15,3926.92,1437,-2052.29
2025-02-04,West,Tool Z,Hardware,8020.03,43,4026.06,4749,3993.97
2025-07-11,North,Widget A,Hardware,5571.8,31,4933.49,9186,638.31
2025-02-18,South,Widget B,Electronics,4025.88,73,3009.31,5453,1016.57
2025-01-17,South,Gadget Y,Electronics,1403.98,45,455.73,6336,948.25
2025-06-21,South,Widget B,Electronics,8666.43,66,3251.84,5551,5414.59
2025-08-08,East,Widget B,Hardware,1657.0,8,3143.65,3823,-1486.65
2025-06-07,East,Widget A,Electronics,3166.9,71,3209.84,6728,-42.94
2025-02-15,West,Widget A,Electronics,2971.45,57,1570.37,9677,1401.08
2025-01-06,North,Widget A,Electronics,8727.0,80,4305.41,9391,4421.59
2025-04-09,West,Widget A,Hardware,6759.76,99,4799.39,2982,1960.37
2025-08-21,North,Tool Z,Software,7987.15,30,1127.68,7996,6859.47
2025-02-06,East,Widget A,Electronics,2579.63,74,486.35,3311,2093.28
2025-10-07,East,Tool Z,Software,6286.25,18,1012.95,8225,5273.3
2025-12-15,East,Tool Z,Electronics,5760.29,69,4111.73,1604,1648.56
2025-10-29,West,Widget A,Software,8345.02,93,3399.39,9175,4945.63
2025-06-30,South,Gadget X,Hardware,9070.26,39,3198.43,6785,5871.83
2025-04-05,South,Gadget Y,Hardware,220.35,60,2038.88,5597,-1818.53
2025-04-09,East,Widget B,Electronics,6772.8,98,2910.25,8759,3862.55
2025-07-07,South,Tool Z,Software,613.17,43,1573.98,8532,-960.81
2025-04-26,South,Gadget Y,Hardware,5533.7,45,2412.14,9740,3121.56
2025-07-10,West,Gadget X,Electronics,2947.56,23,3975.66,1838,-1028.1
2025-09-10,North,Widget B,Electronics,3137.09,69,4907.15,4815,-1770.06
2025-06-10,East,Widget B,Hardware,3594.29,94,4665.82,1847,-1071.53
2025-09-13,East,Tool Z,Hardware,6250.8,6,4672.64,5709,1578.16
2025-11-19,West,Widget A,Electronics,3407.09,56,2041.01,5507,1366.08
2025-05-08,West,Gadget X,Software,7353.72,4,2370.51,7575,4983.21
2025-01-18,South,Tool Z,Software,4104.82,93,3542.9,5773,561.92
2025-10-08,East,Gadget X,Software,776.7,23,4614.85,5468,-3838.15
2025-08-11,North,Widget A,Electronics,7859.22,6,752.87,6192,7106.35
2025-02-23,West,Widget A,Hardware,2929.01,32,1556.0,4320,1373.01
2025-02-27,North,Tool Z,Electronics,4384.39,18,739.27,5698,3645.12
2025-11-19,North,Widget A,Hardware,6885.89,15,3079.44,5311,3806.45
2025-12-26,East,Gadget Y,Software,3391.32,40,1566.19,4673,1825.13
2025-06-23,East,Widget B,Software,660.2,96,1664.23,2564,-1004.03
2025-10-07,West,Tool Z,Hardware,3801.82,73,401.03,2840,3400.79
2025-04-24,East,Gadget X,Hardware,9450.04,74,1781.49,7058,7668.55
2025-10-15,East,Gadget Y,Electronics,6453.17,84,4319.36,8131,2133.81
2025-12-08,East,Tool Z,Software,6747.64,6,1203.71,1726,5543.93
2025-05-31,North,Widget A,Electronics,6359.59,63,3491.18,7697,2868.41
2025-05-07,West,Widget A,Electronics,2070.02,67,3166.66,1282,-1096.64
2025-06-04,South,Widget A,Electronics,4241.51,11,4324.25,2081,-82.74
2025-09-30,North,Widget A,Software,7534.3,43,704.83,4885,6829.47
2025-04-14,East,Gadget X,Electronics,1103.59,17,4889.07,3881,-3785.48
2025-10-26,North,Gadget Y,Electronics,2850.74,96,2934.01,3970,-83.27
2025-09-03,East,Widget B,Electronics,2835.56,4,4977.6,7985,-2142.04
2025-06-25,East,Gadget X,Electronics,4376.99,63,4562.0,1947,-185.01
2025-02-08,North,Gadget X,Electronics,9805.65,68,1146.51,5760,8659.14
2025-06-19,West,Widget B,Electronics,768.28,81,328.0,1066,440.28
2025-09-04,East,Widget B,Software,5235.14,41,1315.41,9828,3919.73
2025-01-26,West,Widget A,Electronics,1875.71,83,2661.44,9505,-785.73
2025-12-21,South,Gadget X,Hardware,9709.7,5,899.4,1564,8810.3
2025-11-02,East,Tool Z,Electronics,1221.7,32,878.93,4670,342.77
2025-01-13,West,Widget B,Electronics,4095.65,86,2339.84,3251,1755.81
2025-11-12,West,Widget B,Software,7405.06,70,214.68,1804,7190.38
2025-11-09,South,Gadget Y,Software,7075.09,35,653.35,5631,6421.74
2025-02-05,West,Tool Z,Hardware,4285.01,22,2108.51,2235,2176.5
2025-06-22,West,Tool Z,Hardware,3530.59,65,362.49,7720,3168.1
2025-01-20,South,Widget B,Software,4036.36,84,2013.94,7906,2022.42
2025-11-17,East,Widget A,Software,2716.34,22,2396.33,7016,320.01
2025-09-21,West,Gadget Y,Electronics,2132.8,11,2283.77,4549,-150.97
2025-05-22,West,Tool Z,Software,4882.09,77,4352.42,8938,529.67
2025-05-23,West,Widget B,Hardware,2758.48,3,2673.81,5141,84.67
2025-04-02,North,Tool Z,Electronics,2945.87,9,2366.5,7966,579.37
2025-12-20,South,Gadget Y,Hardware,6601.89,60,2083.01,6335,4518.88
2025-11-18,North,Gadget Y,Electronics,9688.52,76,4097.24,6077,5591.28
2025-10-15,South,Gadget X,Software,6076.01,87,4480.53,6611,1595.48
2025-08-03,East,Widget B,Hardware,862.1,14,4273.55,9089,-3411.45
2025-12-08,East,Gadget Y,Electronics,848.28,97,3384.06,3892,-2535.78
2025-02-20,West,Gadget X,Electronics,9519.09,18,729.94,6577,8789.15
2025-06-02,South,Gadget X,Software,3043.18,73,1420.51,4618,1622.67
2025-07-05,East,Tool Z,Software,1011.46,23,278.01,2559,733.45
2025-03-04,South,Tool Z,Software,6030.54,74,4657.58,7683,1372.96
2025-07-09,East,Gadget X,Hardware,6274.12,83,3320.95,2507,2953.17
2025-05-05,North,Tool Z,Electronics,6520.2,47,3744.5,3063,2775.7
2025-05-30,East,Gadget Y,Software,2747.28,69,1592.28,4642,1155.0
2025-11-10,North,Widget A,Hardware,249.6,47,4235.98,3000,-3986.38
2025-02-27,East,Gadget Y,Hardware,9653.65,87,1335.04,2294,8318.61
2025-12-08,West,Gadget X,Hardware,2583.84,30,58.14,5065,2525.7
2025-11-01,North,Gadget X,Software,6792.66,25,1913.25,9014,4879.41
2025-06-29,East,Gadget Y,Software,7095.64,28,2875.27,2603,4220.37
2025-06-19,West,Tool Z,Electronics,6139.07,98,2419.59,2322,3719.48
2025-11-22,North,Tool Z,Electronics,3197.78,25,4317.28,6956,-1119.5
2025-09-28,West,Gadget X,Software,2783.85,74,571.76,3441,2212.09
2025-02-23,South,Widget B,Hardware,6016.92,78,2791.43,2098,3225.49
2025-04-11,South,Tool Z,Hardware,8674.35,58,2589.25,6073,6085.1
2025-09-21,North,Gadget Y,Hardware,9472.66,94,1442.9,9488,8029.76
2025-02-22,East,Tool Z,Electronics,1148.47,41,4120.03,4787,-2971.56
2025-03-01,North,Gadget Y,Hardware,1632.8,25,3776.6,3096,-2143.8
2025-04-18,West,Gadget X,Electronics,9452.89,78,3677.65,3208,5775.24
2025-01-05,East,Tool Z,Electronics,7391.7,99,4387.15,6988,3004.55
2025-04-13,South,Gadget Y,Hardware,8841.64,48,3627.78,1175,5213.86
2025-07-15,East,Gadget X,Hardware,2106.06,98,1197.61,8169,908.45
2025-09-19,South,Widget B,Software,5917.1,10,3542.54,7014,2374.56
2025-12-31,East,Gadget Y,Software,7041.28,99,1573.13,2667,5468.15
2025-12-16,East,Widget B,Hardware,6833.11,75,1248.76,9867,5584.35
2025-02-16,East,Widget B,Electronics,4140.7,11,411.37,2823,3729.33
2025-12-21,West,Widget A,Electronics,252.41,85,3732.94,6147,-3480.53
2025-11-07,West,Tool Z,Electronics,5870.97,21,3569.45,2356,2301.52
2025-11-04,North,Gadget Y,Electronics,2605.71,86,1210.77,4072,1394.94
2025-05-24,North,Widget B,Electronics,4557.52,45,3759.43,4259,798.09
2025-09-26,South,Widget A,Software,9580.05,7,4593.31,7199,4986.74
2025-05-04,West,Gadget X,Hardware,4050.45,81,584.74,1546,3465.71
2025-04-16,South,Gadget Y,Software,8414.04,64,1201.55,6231,7212.49
2025-06-07,North,Widget B,Electronics,1966.55,64,3763.79,8965,-1797.24
2025-05-27,South,Tool Z,Electronics,6757.36,2,1408.81,3083,5348.55
2025-05-25,North,Widget A,Electronics,9772.37,76,3142.09,3040,6630.28
2025-04-30,West,Widget B,Electronics,1108.74,42,451.76,5534,656.98
2025-11-15,East,Tool Z,Hardware,182.37,82,2288.4,2752,-2106.03
2025-10-02,West,Widget B,Electronics,4392.47,54,3708.5,2849,683.97
2025-04-02,South,Gadget Y,Hardware,1016.99,75,3448.24,3642,-2431.25
2025-02-27,South,Gadget Y,Electronics,7509.01,16,4084.61,2600,3424.4
2025-12-12,West,Gadget Y,Hardware,9154.03,18,4393.39,5402,4760.64
2025-08-17,West,Widget A,Software,4396.81,99,3877.26,4799,519.55
2025-04-27,North,Gadget Y,Electronics,2661.25,59,3374.36,1618,-713.11
2025-11-14,South,Tool Z,Hardware,4400.59,90,207.03,2132,4193.56
2025-10-06,South,Widget B,Software,7262.13,16,2698.09,6491,4564.04
2025-05-07,West,Gadget X,Electronics,189.64,6,236.6,6795,-46.96
2025-05-09,East,Tool Z,Electronics,5935.59,57,4049.94,8633,1885.65
2025-02-27,South,Tool Z,Electronics,6171.59,47,1637.59,2487,4534.0
2025-05-02,East,Gadget Y,Hardware,6413.11,48,2834.03,8848,3579.08
2025-01-01,West,Widget A,Hardware,2496.02,42,1433.25,6009,1062.77
2025-08-27,West,Widget B,Software,7169.12,76,3923.38,3113,3245.74
2025-10-17,North,Widget A,Hardware,1004.78,60,4438.19,2044,-3433.41
2025-04-06,South,Widget B,Hardware,2072.78,77,2023.28,3431,49.5
2025-05-06,East,Widget B,Electronics,8786.95,4,4321.47,8979,4465.48
2025-04-28,North,Widget A,Electronics,7413.36,2,1372.02,2582,6041.34
2025-02-17,South,Tool Z,Electronics,236.08,90,2696.57,2308,-2460.49
2025-03-30,North,Widget B,Electronics,2558.92,59,4300.87,5917,-1741.95
2025-08-25,West,Widget A,Electronics,2222.62,27,1663.11,9793,559.51
2025-09-29,South,Widget B,Electronics,2780.98,27,4772.51,2620,-1991.53
2025-07-08,North,Gadget X,Electronics,2550.84,79,653.3,8503,1897.54
2025-07-11,North,Tool Z,Software,719.01,72,140.46,5766,578.55
2025-03-10,East,Gadget Y,Software,4643.51,7,4525.47,6362,118.04
2025-10-05,North,Widget B,Software,7354.06,63,389.81,6192,6964.25
2025-12-15,South,Gadget X,Software,6106.64,46,4959.85,7622,1146.79
2025-09-04,South,Gadget Y,Electronics,6761.43,63,4759.41,7093,2002.02
2025-03-17,East,Gadget Y,Software,903.38,12,728.25,7704,175.13
2025-06-03,South,Widget B,Electronics,9519.76,13,2711.04,1100,6808.72
2025-05-24,West,Widget A,Software,8401.07,43,965.36,7657,7435.71
2025-03-27,South,Widget B,Hardware,8070.39,17,2169.37,6875,5901.02
2025-07-04,South,Gadget X,Software,8247.54,63,354.05,5271,7893.49
2025-10-12,North,Gadget Y,Software,9333.83,81,1158.43,1237,8175.4
2025-08-08,North,Widget B,Electronics,5488.11,36,1848.2,8226,3639.91
2025-03-10,South,Widget A,Software,2082.79,85,2221.31,9032,-138.52
2025-02-16,East,Widget B,Hardware,6206.16,8,4888.61,6218,1317.55
2025-04-04,North,Tool Z,Electronics,7454.53,69,4048.93,5025,3405.6
2025-08-26,East,Widget A,Electronics,7405.38,90,3700.18,7073,3705.2
2025-07-23,South,Gadget X,Software,5262.35,80,2708.35,3542,2554.0
2025-08-06,South,Gadget Y,Electronics,777.74,36,4207.99,2537,-3430.25
2025-12-07,West,Widget B,Electronics,3774.02,28,1729.65,1754,2044.37
2025-02-08,North,Widget A,Electronics,9215.59,93,3559.05,8396,5656.54
2025-04-10,South,Tool Z,Electronics,5886.04,47,4969.23,8823,916.81
2025-10-16,West,Widget A,Electronics,5429.49,76,1607.41,6507,3822.08
2025-09-11,North,Tool Z,Electronics,2761.65,30,3386.39,5235,-624.74
2025-08-10,South,Gadget X,Hardware,3747.64,23,4229.36,1540,-481.72
2025-12-23,South,Gadget Y,Software,8963.93,16,4583.25,6510,4380.68
2025-01-23,North,Gadget X,Hardware,6697.98,14,3603.77,9461,3094.21
2025-09-07,North,Widget B,Electronics,7895.13,74,1453.86,8926,6441.27
2025-01-10,North,Widget A,Electronics,4598.02,71,1665.1,6131,2932.92
2025-09-03,South,Tool Z,Software,6339.45,52,152.75,9697,6186.7
2025-11-21,South,Tool Z,Hardware,2559.0,37,3816.39,2129,-1257.39
2025-04-10,West,Widget A,Software,7084.06,29,261.56,4145,6822.5
2025-10-17,East,Widget A,Hardware,4333.25,67,4330.03,9553,3.22
2025-06-29,North,Widget B,Electronics,4481.2,15,637.37,4720,3843.83
2025-08-11,South,Gadget X,Software,6528.29,47,900.79,5067,5627.5
2025-09-07,South,Tool Z,Software,9369.18,46,2408.81,5195,6960.37
2025-05-27,North,Widget B,Electronics,733.66,52,3702.51,8281,-2968.85
2025-04-06,East,Gadget X,Software,8264.96,19,738.06,3509,7526.9
2025-09-14,North,Widget B,Hardware,2994.59,77,2228.35,6016,766.24
2025-11-21,East,Tool Z,Hardware,4494.8,21,2440.11,7533,2054.69
2025-01-04,South,Widget A,Hardware,316.94,64,1100.81,5727,-783.87
2025-01-16,East,Widget A,Hardware,3080.36,37,622.01,1681,2458.35
2025-10-07,West,Gadget X,Electronics,5076.05,27,4190.28,4932,885.77
2025-12-02,South,Gadget Y,Software,656.14,55,2537.2,6560,-1881.06
2025-09-04,West,Gadget X,Hardware,4961.85,29,121.19,5016,4840.66
2025-09-15,North,Gadget Y,Electronics,9278.4,20,4024.76,8339,5253.64
2025-06-09,North,Widget B,Software,1143.39,25,4904.93,1719,-3761.54
2025-12-06,North,Widget B,Software,7667.96,70,3049.33,1074,4618.63
2025-06-01,East,Tool Z,Electronics,4155.74,63,2543.36,5157,1612.38
2025-06-27,South,Gadget Y,Electronics,6586.22,36,4398.16,9511,2188.06
2025-06-12,North,Tool Z,Hardware,2676.34,2,4764.96,3149,-2088.62
2025-02-02,North,Widget A,Software,1678.97,22,3784.96,7713,-2105.99
2025-06-28,South,Gadget Y,Software,1688.58,96,2254.99,5207,-566.41
2025-04-11,North,Gadget X,Electronics,797.87,16,2981.5,8141,-2183.63
2025-09-25,West,Widget A,Software,1937.9,18,3519.63,9652,-1581.73
2025-11-19,South,Widget A,Hardware,6675.77,69,1011.65,4936,5664.12
2025-03-06,South,Gadget X,Software,8828.74,54,2263.65,2075,6565.09
2025-06-17,South,Widget A,Electronics,8159.84,30,4157.62,4876,4002.22
2025-11-26,West,Gadget Y,Electronics,6882.83,45,3290.89,5615,3591.94
2025-02-12,South,Tool Z,Hardware,1193.28,19,2085.46,8265,-892.18
2025-02-13,West,Widget A,Hardware,2962.96,87,3333.64,7379,-370.68
2025-10-12,South,Gadget Y,Software,3167.09,34,635.2,5652,2531.89
2025-01-12,East,Widget B,Software,2574.57,13,2037.41,7792,537.16
2025-04-05,North,Gadget Y,Electronics,5198.56,43,3975.99,8456,1222.57
2025-10-29,East,Tool Z,Hardware,5401.98,62,1141.52,5674,4260.46
2025-09-10,North,Gadget Y,Hardware,3633.17,93,970.51,1541,2662.66
2025-08-30,West,Gadget X,Hardware,3602.51,22,4756.55,3161,-1154.04
2025-02-04,East,Tool Z,Software,8302.7,52,1088.99,3251,7213.71
2025-08-03,South,Widget B,Hardware,7914.0,52,1341.55,5569,6572.45
2025-12-03,North,Gadget X,Electronics,3147.18,36,4849.6,3744,-1702.42
2025-03-31,North,Gadget Y,Electronics,9146.51,73,3686.81,7041,5459.7
2025-09-21,East,Tool Z,Software,9532.87,19,3513.0,5675,6019.87
2025-04-03,West,Widget B,Software,3334.75,38,4271.99,2560,-937.24
2025-03-31,East,Gadget X,Hardware,3608.81,70,623.32,2164,2985.49
2025-04-25,West,Widget B,Software,5105.78,79,3544.48,6419,1561.3
2025-04-15,West,Gadget Y,Electronics,9417.1,57,2543.26,3722,6873.84
2025-07-15,North,Widget B,Hardware,8775.56,20,4154.3,1470,4621.26
2025-11-10,East,Widget A,Electronics,1115.42,9,2565.3,2468,-1449.88
2025-04-24,East,Gadget X,Hardware,3988.03,32,3120.19,8925,867.84
2025-03-16,West,Widget B,Software,5578.37,4,2414.82,1808,3163.55
2025-08-05,East,Gadget Y,Hardware,5081.01,50,2416.89,9363,2664.12
2025-10-04,South,Gadget Y,Hardware,2019.24,82,3851.45,7719,-1832.21
2025-09-06,South,Widget B,Electronics,8602.29,5,3161.4,6073,5440.89
2025-06-13,East,Gadget Y,Electronics,6801.71,20,3184.65,9012,3617.06
2025-12-23,East,Tool Z,Hardware,8395.29,87,2278.9,2645,6116.39
2025-07-11,West,Tool Z,Software,8601.77,75,2678.99,9249,5922.78
2025-08-15,South,Tool Z,Software,7508.72,37,3741.3,2129,3767.42
2025-06-26,South,Widget A,Electronics,4448.18,22,4138.41,2353,309.77
2025-04-09,North,Widget B,Software,6144.41,58,3497.98,1767,2646.43
2025-02-05,West,Widget A,Electronics,1687.62,68,4624.16,4895,-2936.54
2025-04-06,North,Gadget Y,Software,6769.09,93,4110.6,9874,2658.49
2025-06-01,South,Widget A,Hardware,1874.61,44,2831.23,4454,-956.62
2025-05-31,West,Gadget Y,Electronics,6970.1,34,3373.46,8329,3596.64
2025-07-09,East,Gadget Y,Electronics,2373.02,77,4635.23,2790,-2262.21
2025-08-12,West,Gadget X,Hardware,1263.76,42,3114.88,1885,-1851.12
2025-02-06,East,Tool Z,Electronics,1736.32,9,4132.79,8734,-2396.47
2025-09-25,East,Gadget Y,Software,119.72,95,3459.61,4906,-3339.89
2025-07-02,West,Gadget X,Software,7215.52,7,2782.08,5492,4433.44
2025-01-13,East,Tool Z,Electronics,7350.77,68,1247.1,3073,6103.67
2025-10-06,North,Gadget Y,Software,5197.84,19,2158.69,1312,3039.15
2025-08-05,South,Gadget Y,Electronics,1697.49,94,4840.33,7269,-3142.84
2025-12-21,East,Widget A,Hardware,927.19,31,3305.94,6317,-2378.75
2025-12-27,North,Widget A,Electronics,289.38,35,2843.76,1810,-2554.38
2025-10-13,East,Tool Z,Hardware,1740.91,57,4668.14,7841,-2927.23
2025-09-30,South,Gadget Y,Software,8919.47,85,2953.23,3032,5966.24
2025-03-03,North,Widget B,Hardware,2491.21,61,2654.11,8129,-162.9
2025-03-25,South,Widget A,Software,3607.29,31,3808.59,3705,-201.3
2025-08-05,South,Tool Z,Electronics,1142.92,83,3577.69,9788,-2434.77
2025-12-08,North,Gadget Y,Software,2301.38,95,1006.14,3147,1295.24
2025-07-06,North,Gadget Y,Electronics,5240.32,53,2382.98,1615,2857.34
2025-01-19,North,Widget B,Electronics,6116.75,32,2388.95,1947,3727.8
2025-06-26,West,Tool Z,Hardware,2528.99,66,1922.21,6677,606.78
2025-04-10,North,Gadget Y,Hardware,671.55,59,2610.6,5651,-1939.05
2025-08-21,North,Widget A,Hardware,3971.23,10,2094.88,8866,1876.35
2025-03-17,North,Widget B,Hardware,2418.61,2,1036.76,3013,1381.85
2025-09-22,North,Tool Z,Software,2273.58,66,2091.21,4697,182.37
2025-10-11,East,Widget B,Software,9602.64,60,407.77,1490,9194.87
2025-07-25,West,Widget A,Software,6201.37,88,2900.14,5350,3301.23
2025-08-11,South,Tool Z,Electronics,5613.1,17,4275.59,3428,1337.51
2025-02-21,North,Widget B,Software,4216.17,96,3640.17,5987,576.0
2025-12-05,East,Gadget X,Software,4346.55,16,1833.95,9733,2512.6
2025-05-24,East,Widget A,Software,5454.96,16,481.0,5920,4973.96
2025-03-10,East,Widget A,Hardware,6994.66,46,1050.64,3926,5944.02
2025-04-09,South,Widget A,Software,7051.25,39,2750.18,8282,4301.07
2025-01-25,North,Gadget X,Electronics,1799.77,31,1074.93,5376,724.84
2025-02-22,West,Gadget X,Hardware,5051.12,88,2742.67,5868,2308.45
2025-05-31,West,Gadget Y,Electronics,4178.39,1,1196.42,7986,2981.97
2025-05-24,East,Widget B,Software,8718.22,11,4252.17,7862,4466.05
2025-02-26,South,Gadget Y,Hardware,6351.05,85,2016.49,5423,4334.56
2025-02-08,South,Widget B,Electronics,5371.79,4,1265.48,7870,4106.31
2025-04-19,South,Gadget X,Software,1242.41,71,4071.01,9159,-2828.6
2025-06-30,West,Gadget X,Electronics,6095.82,26,1747.05,3073,4348.77
2025-02-11,East,Gadget Y,Electronics,1260.32,50,601.86,7170,658.46
2025-07-05,North,Tool Z,Electronics,3438.35,12,2873.53,1701,564.82
2025-08-11,West,Gadget Y,Software,1514.14,95,2928.74,9113,-1414.6
2025-05-02,East,Widget B,Software,6951.53,81,3587.74,7825,3363.79
2025-05-13,East,Gadget Y,Electronics,2141.9,97,1239.09,8867,902.81
2025-06-12,North,Widget A,Hardware,3979.41,75,2246.67,5264,1732.74
2025-08-03,North,Widget B,Hardware,8967.18,92,1447.72,8968,7519.46
2025-08-09,North,Widget B,Software,2122.73,96,450.72,9146,1672.01
2025-08-23,South,Tool Z,Software,5127.27,65,4389.24,8776,738.03
2025-11-27,North,Gadget X,Software,4250.79,47,3657.91,9558,592.88
2025-05-26,East,Widget B,Software,279.43,92,1542.24,9719,-1262.81
2025-08-27,North,Gadget X,Software,7948.31,53,3016.9,5886,4931.41
2025-03-17,East,Gadget Y,Hardware,783.55,71,1046.26,4935,-262.71
2025-01-09,West,Widget A,Software,4795.12,2,4456.67,5619,338.45
2025-03-15,South,Tool Z,Electronics,5650.72,24,618.79,6191,5031.93
2025-09-10,West,Gadget X,Electronics,6321.42,4,68.99,7875,6252.43
2025-08-18,West,Widget B,Hardware,6917.45,19,2534.94,8856,4382.51
2025-01-07,East,Gadget X,Electronics,2607.4,26,2936.48,6401,-329.08
2025-06-23,West,Widget B,Hardware,198.79,75,2915.88,4022,-2717.09
2025-05-21,East,Gadget X,Hardware,7262.09,40,319.83,6738,6942.26
2025-06-17,North,Widget B,Electronics,5403.0,50,1604.52,6984,3798.48
2025-06-19,North,Gadget Y,Software,8377.57,43,2521.03,2770,5856.54
2025-10-10,East,Widget B,Electronics,8231.74,75,1122.07,9989,7109.67
2025-05-02,North,Widget B,Electronics,8448.93,67,4369.5,4215,4079.43
2025-07-13,South,Widget A,Hardware,4902.44,12,481.19,7694,4421.25
2025-01-05,West,Widget B,Electronics,3402.92,67,2462.55,3976,940.37
2025-01-29,South,Widget A,Hardware,7936.43,27,3472.51,4737,4463.92
2025-06-14,West,Tool Z,Software,4567.81,54,1345.67,1752,3222.14
2025-12-05,North,Widget A,Software,1916.08,66,3139.99,2392,-1223.91
2025-05-16,South,Gadget Y,Software,8564.24,49,4155.46,7789,4408.78
2025-12-31,North,Widget A,Electronics,8837.34,16,992.17,1677,7845.17
2025-11-17,West,Tool Z,Hardware,4716.47,2,4590.24,1105,126.23
2025-12-08,East,Gadget Y,Software,849.43,60,2790.11,5753,-1940.68
2025-05-25,East,Gadget X,Hardware,3939.48,54,1531.2,2946,2408.28
2025-11-23,South,Gadget X,Hardware,8055.02,30,2182.75,6544,5872.27
2025-08-05,North,Widget A,Software,9027.56,84,1595.35,2095,7432.21
2025-10-28,North,Widget A,Software,2114.38,38,3639.3,7985,-1524.92
2025-05-12,South,Tool Z,Hardware,763.04,28,3991.69,2782,-3228.65
2025-10-19,East,Tool Z,Software,8785.77,25,4173.04,5541,4612.73
2025-03-11,West,Widget B,Hardware,3955.11,96,4929.55,4257,-974.44
2025-09-09,South,Tool Z,Hardware,5463.43,10,3966.86,7213,1496.57
2025-10-02,West,Widget B,Software,9683.85,60,3026.85,5869,6657.0
2025-12-30,East,Gadget Y,Electronics,758.99,42,1729.14,2561,-970.15
2025-07-01,North,Widget A,Software,6518.35,40,2745.75,5006,3772.6
2025-06-16,East,Gadget Y,Electronics,833.64,97,253.29,4981,580.35
2025-04-01,South,Tool Z,Hardware,3817.14,77,3736.88,6682,80.26
2025-07-21,North,Gadget Y,Hardware,8057.76,42,2257.48,6782,5800.28
2025-12-12,South,Gadget Y,Electronics,4391.38,47,149.11,1943,4242.27
2025-01-19,South,Gadget Y,Hardware,9972.11,37,359.41,5550,9612.7
2025-02-08,East,Tool Z,Electronics,5634.69,80,1967.96,1600,3666.73
2025-05-06,South,Gadget Y,Electronics,3279.51,22,2937.94,7376,341.57
2025-06-22,East,Widget B,Hardware,2279.1,57,2347.81,2524,-68.71
2025-05-21,North,Tool Z,Electronics,3570.15,84,3115.06,4766,455.09
2025-08-30,East,Gadget Y,Software,3788.08,27,2427.46,1250,1360.62
2025-08-08,North,Tool Z,Software,780.27,41,3325.43,1078,-2545.16
2025-05-06,East,Gadget X,Hardware,3758.78,80,1134.67,4123,2624.11
2025-02-27,West,Widget B,Hardware,4695.96,34,608.57,8064,4087.39
2025-05-28,West,Gadget Y,Electronics,7255.1,32,3002.35,9417,4252.75
2025-11-13,South,Gadget X,Electronics,6601.62,90,2449.21,2209,4152.41
2025-12-27,East,Gadget X,Electronics,7116.78,89,182.99,6153,6933.79
2025-01-01,East,Tool Z,Electronics,182.8,66,1933.39,5898,-1750.59
2025-12-14,North,Gadget X,Software,2254.91,12,575.32,3178,1679.59
2025-07-09,South,Widget B,Software,6650.67,40,2680.22,8610,3970.45
2025-07-10,East,Widget B,Hardware,4891.49,73,2009.1,9895,2882.39
2025-11-08,South,Widget A,Electronics,152.6,76,3085.1,3544,-2932.5
2025-04-27,West,Widget B,Electronics,8064.5,90,4037.73,6522,4026.77
2025-05-14,East,Gadget X,Hardware,7750.81,73,1533.36,3370,6217.45
2025-02-27,East,Widget B,Electronics,5529.35,10,4812.41,4281,716.94
2025-02-13,South,Tool Z,Electronics,757.99,96,2701.39,5710,-1943.4
2025-06-22,East,Widget A,Electronics,7688.5,98,3110.54,1328,4577.96
2025-06-09,South,Gadget X,Electronics,5878.76,48,3419.33,6579,2459.43
2025-06-22,East,Widget A,Electronics,7841.4,20,3350.32,5228,4491.08
2025-11-13,North,Gadget X,Hardware,7542.3,39,2579.31,7794,4962.99
2025-10-30,South,Tool Z,Electronics,8049.72,60,2172.38,1120,5877.34
2025-05-29,East,Widget A,Hardware,5228.28,66,316.22,7749,4912.06
2025-03-21,West,Gadget Y,Electronics,1489.21,65,159.32,1964,1329.89
2025-08-01,East,Gadget X,Software,6744.46,51,1821.91,5224,4922.55
2025-07-22,West,Gadget Y,Software,6242.69,36,1701.62,4675,4541.07
2025-09-09,West,Widget A,Software,7448.31,24,1969.09,6694,5479.22
2025-08-17,North,Gadget Y,Software,1781.82,27,734.92,3076,1046.9
2025-06-13,South,Gadget Y,Hardware,2030.25,2,3703.93,7865,-1673.68
2025-08-15,East,Widget A,Hardware,8915.05,31,4291.97,6643,4623.08
2025-05-27,North,Tool Z,Electronics,7524.78,57,4696.64,9524,2828.14
2025-01-20,East,Gadget Y,Software,9091.46,78,2487.19,6249,6604.27
2025-02-16,West,Gadget Y,Hardware,7611.28,66,3519.29,2316,4091.99
2025-08-21,South,Tool Z,Electronics,6011.84,29,4284.98,2196,1726.86
2025-11-01,East,Gadget Y,Electronics,6575.91,15,2120.54,4170,4455.37
2025-01-14,East,Gadget Y,Hardware,8902.37,12,1581.59,1355,7320.78
2025-05-23,West,Gadget Y,Software,5830.19,28,4686.79,1028,1143.4
2025-01-01,East,Widget B,Electronics,6360.67,84,2602.6,2013,3758.07
2025-02-23,East,Tool Z,Software,1649.12,24,2511.41,3024,-862.29
2025-09-16,West,Gadget Y,Software,4791.82,21,933.16,9490,3858.66
2025-05-24,North,Tool Z,Software,7192.33,10,585.37,6839,6606.96
2025-01-12,West,Gadget X,Electronics,2782.33,78,4218.43,6791,-1436.1
2025-11-26,North,Gadget X,Software,2102.32,18,3089.96,1754,-987.64
2025-08-12,South,Gadget Y,Electronics,3206.89,88,1662.83,9961,1544.06
2025-09-29,North,Tool Z,Software,2490.86,14,999.09,4735,1491.77
2025-12-24,North,Tool Z,Electronics,2227.64,34,2799.71,2238,-572.07
2025-06-05,South,Tool Z,Software,4306.02,58,2940.4,2906,1365.62
2025-01-08,North,Widget B,Hardware,9087.6,76,1074.62,8399,8012.98
2025-05-02,West,Gadget X,Software,5119.89,22,4264.46,8961,855.43
2025-12-14,North,Tool Z,Software,1960.41,70,467.11,5601,1493.3
2025-06-13,South,Tool Z,Electronics,862.02,36,1812.66,2460,-950.64
2025-03-31,West,Widget B,Electronics,6991.95,45,3417.9,8669,3574.05
2025-05-16,South,Widget B,Software,3889.71,36,1406.9,2416,2482.81
2025-07-05,South,Tool Z,Hardware,8236.13,22,4146.99,8766,4089.14
2025-11-12,East,Widget A,Hardware,6629.16,78,3712.35,2428,2916.81
2025-06-27,East,Tool Z,Electronics,7982.79,80,3955.66,5378,4027.13
2025-01-28,South,Tool Z,Hardware,2792.27,61,639.58,8529,2152.69
2025-08-08,South,Widget B,Software,6954.35,56,745.71,5474,6208.64
2025-12-23,South,Widget B,Electronics,2714.21,89,1468.05,4071,1246.16
2025-02-10,East,Tool Z,Software,9396.78,96,2614.48,1555,6782.3
2025-08-16,East,Tool Z,Electronics,6400.11,33,3752.68,9547,2647.43
2025-07-11,North,Tool Z,Electronics,3312.67,45,4190.83,2563,-878.16
2025-05-25,North,Widget B,Electronics,2768.17,36,3536.46,2040,-768.29
2025-07-20,South,Tool Z,Electronics,1990.17,20,4646.55,3686,-2656.38
2025-07-31,West,Tool Z,Hardware,6976.95,18,3706.78,3553,3270.17
2025-08-08,West,Gadget Y,Software,2265.28,38,1566.03,2779,699.25
2025-08-28,East,Widget A,Software,5993.5,67,1362.15,1075,4631.35
2025-02-15,East,Gadget X,Software,2719.89,23,3496.15,5326,-776.26
2025-02-04,East,Widget A,Electronics,6653.49,96,1004.71,6835,5648.78
2025-09-10,South,Gadget Y,Hardware,8167.9,16,508.94,6057,7658.96
2025-03-23,West,Gadget X,Software,7802.45,59,2684.5,3349,5117.95
2025-09-13,North,Tool Z,Hardware,7632.43,69,4117.13,3773,3515.3
2025-07-16,South,Gadget Y,Electronics,1958.45,68,551.83,3262,1406.62
2025-10-30,North,Tool Z,Software,975.01,21,3969.86,4229,-2994.85
2025-01-10,North,Widget B,Hardware,7019.59,78,4067.28,1392,2952.31
2025-11-08,South,Gadget Y,Electronics,3746.64,95,2437.26,2108,1309.38
2025-10-13,North,Widget B,Hardware,4380.23,78,333.69,5362,4046.54
2025-08-30,West,Gadget Y,Software,408.38,70,914.22,6188,-505.84
2025-09-08,North,Gadget Y,Software,2669.81,12,3551.76,9802,-881.95
2025-12-31,West,Widget B,Electronics,433.4,16,3573.3,6057,-3139.9
2025-01-05,West,Gadget X,Electronics,8803.94,81,4496.86,4998,4307.08
2025-04-29,West,Widget A,Electronics,2509.63,87,2934.3,9864,-424.67
2025-10-16,East,Tool Z,Hardware,5617.64,14,664.33,7566,4953.31
2025-03-06,North,Gadget Y,Hardware,485.9,61,651.0,4677,-165.1
2025-05-26,South,Tool Z,Hardware,6701.79,71,3619.61,6796,3082.18
2025-08-12,South,Widget B,Electronics,3297.97,46,959.73,7363,2338.24
2025-08-27,North,Tool Z,Software,8989.4,32,1675.51,9123,7313.89
2025-06-26,East,Widget B,Software,8892.37,15,2461.7,9222,6430.67
2025-09-24,East,Tool Z,Hardware,3320.38,44,172.59,8690,3147.79
2025-12-07,West,Widget A,Hardware,9019.51,17,1281.65,2400,7737.86
2025-10-09,North,Widget A,Software,9961.96,41,2069.05,5071,7892.91
2025-03-04,North,Widget A,Software,8271.62,54,1434.2,9808,6837.42
2025-08-05,South,Widget A,Hardware,8464.23,44,725.03,3786,7739.2
2025-12-08,North,Widget A,Hardware,2565.19,98,3653.66,8169,-1088.47
2025-11-11,East,Widget A,Software,5809.35,5,4075.08,1870,1734.27
2025-10-10,North,Widget B,Electronics,765.83,27,1324.52,5196,-558.69
2025-06-26,South,Gadget Y,Hardware,1039.69,87,3883.38,3739,-2843.69
2025-04-08,West,Tool Z,Software,9989.04,78,1958.49,1940,8030.55
2025-04-15,South,Widget A,Software,3333.73,79,2558.09,1340,775.64
2025-04-09,South,Widget B,Software,7507.02,43,4287.21,8422,3219.81
2025-11-07,West,Widget B,Software,8085.98,97,3762.27,5133,4323.71
2025-01-06,South,Widget B,Electronics,8594.43,31,4035.33,1659,4559.1
2025-07-16,South,Gadget Y,Software,9976.52,99,727.38,4457,9249.14
2025-12-17,North,Tool Z,Hardware,2490.82,17,395.11,3975,2095.71
2025-05-13,North,Gadget Y,Electronics,499.47,92,4472.35,1453,-3972.88
2025-12-24,West,Gadget X,Software,4170.8,83,1969.78,9184,2201.02
2025-09-16,North,Widget B,Electronics,1387.8,54,1475.0,6442,-87.2
2025-01-23,North,Gadget X,Hardware,322.02,62,3637.25,1818,-3315.23
2025-02-22,South,Widget A,Software,3668.23,87,4190.26,5868,-522.03
2025-06-14,East,Widget A,Hardware,7859.01,32,4319.32,1012,3539.69
2025-07-21,North,Gadget Y,Software,5705.19,40,1614.19,8727,4091.0
2025-03-24,East,Tool Z,Software,3196.5,13,4268.45,1920,-1071.95
2025-05-25,North,Gadget X,Software,6577.99,84,252.62,5920,6325.37
2025-03-26,North,Tool Z,Software,2396.98,35,295.82,3418,2101.16
2025-03-19,West,Gadget Y,Software,242.38,5,3136.42,7475,-2894.04
2025-01-01,West,Widget A,Electronics,7667.1,73,362.38,3017,7304.72
2025-02-20,West,Tool Z,Software,6275.06,29,1656.82,8957,4618.24
2025-06-22,East,Tool Z,Software,7646.8,70,3380.14,5792,4266.66
2025-07-24,South,Widget A,Electronics,485.49,25,1719.47,7830,-1233.98
2025-09-17,North,Gadget X,Electronics,8387.48,95,939.02,3434,7448.46
2025-10-15,North,Widget A,Electronics,6233.31,22,1442.69,3868,4790.62
2025-02-03,North,Tool Z,Electronics,5677.61,66,2315.0,2438,3362.61
2025-12-14,East,Gadget X,Electronics,6283.68,45,2403.16,4543,3880.52
2025-04-05,West,Gadget X,Electronics,8657.89,69,3925.85,2781,4732.04
2025-03-13,South,Widget A,Software,5910.67,91,3763.26,7343,2147.41
2025-02-08,East,Tool Z,Software,5851.41,89,2311.25,3263,3540.16
2025-06-03,West,Gadget Y,Hardware,9907.72,72,4236.05,1211,5671.67
2025-09-07,East,Tool Z,Software,7591.63,1,615.47,9699,6976.16
2025-06-11,South,Widget B,Software,4478.71,84,1314.0,7159,3164.71
2025-04-28,West,Gadget Y,Electronics,7103.23,44,4148.48,8027,2954.75
2025-09-16,East,Gadget X,Electronics,3953.38,87,1921.07,1331,2032.31
2025-11-02,South,Gadget Y,Software,2365.87,96,4906.85,7860,-2540.98
2025-09-25,North,Gadget X,Hardware,6008.83,75,2357.95,9044,3650.88
2025-02-23,South,Gadget X,Electronics,9289.0,39,3970.08,9169,5318.92
2025-08-24,North,Gadget Y,Software,9298.48,54,2041.42,9742,7257.06
2025-08-10,East,Gadget X,Software,3484.86,88,2153.52,6720,1331.34
2025-09-08,West,Gadget X,Hardware,5324.01,75,1945.27,1727,3378.74
2025-11-09,West,Widget B,Hardware,2195.2,29,3609.42,5975,-1414.22
2025-04-22,East,Tool Z,Electronics,9956.75,54,2760.21,4243,7196.54
2025-09-12,West,Tool Z,Hardware,9813.07,90,4721.7,1648,5091.37
2025-10-30,West,Widget B,Software,6530.14,16,1291.91,6095,5238.23
2025-07-26,North,Gadget Y,Software,8063.7,99,547.79,7614,7515.91
2025-08-17,East,Widget A,Hardware,7179.49,20,1996.64,8135,5182.85
2025-12-07,South,Widget A,Hardware,5972.27,46,3102.73,2009,2869.54
2025-03-07,North,Widget A,Hardware,628.15,67,4310.95,2550,-3682.8
2025-03-16,East,Widget B,Hardware,4602.17,65,1763.67,9995,2838.5
2025-04-13,North,Widget B,Electronics,6780.38,58,3286.24,8492,3494.14
2025-07-11,South,Gadget X,Hardware,6807.56,53,1783.48,4401,5024.08
2025-09-09,South,Widget A,Electronics,3793.91,1,3105.24,8447,688.67
2025-08-14,East,Gadget Y,Software,9422.75,81,4429.8,6424,4992.95
2025-10-21,South,Gadget Y,Hardware,1756.83,66,1195.22,5241,561.61
2025-11-02,North,Widget A,Electronics,5053.56,29,2051.0,4161,3002.56
2025-04-08,South,Widget A,Hardware,6939.75,84,4966.66,5155,1973.09
2025-12-04,North,Widget A,Software,7001.64,70,4349.36,8478,2652.28
2025-10-13,North,Widget B,Software,6521.53,8,2844.97,9719,3676.56
2025-12-01,South,Widget B,Software,2825.35,29,2607.31,7617,218.04
2025-12-13,East,Widget B,Hardware,1646.45,51,1458.77,6660,187.68
2025-11-04,West,Tool Z,Hardware,6395.81,33,2610.19,9624,3785.62
2025-09-06,South,Gadget Y,Electronics,6033.09,3,4248.5,2176,1784.59
2025-06-15,North,Gadget Y,Software,1875.62,60,3441.61,8956,-1565.99
2025-12-01,North,Gadget X,Hardware,7080.88,35,1485.72,9592,5595.16
2025-01-30,South,Widget B,Software,4606.2,69,1047.25,3233,3558.95
2025-09-04,East,Tool Z,Software,6710.83,91,1362.78,5700,5348.05
2025-04-16,East,Tool Z,Electronics,8389.93,76,890.31,6906,7499.62
2025-02-20,North,Gadget Y,Electronics,1780.31,84,523.42,8860,1256.89
2025-03-22,North,Widget B,Electronics,289.53,20,2124.72,8526,-1835.19
2025-05-13,East,Gadget X,Electronics,7813.12,73,610.83,6559,7202.29
2025-10-12,West,Widget B,Software,6136.0,39,900.97,7732,5235.03
2025-05-18,South,Widget A,Electronics,7026.43,4,2759.26,3513,4267.17
2025-07-03,North,Widget B,Electronics,8397.73,19,864.77,8830,7532.96
2025-11-26,North,Widget A,Electronics,8047.83,91,366.2,7944,7681.63
2025-09-30,East,Widget A,Electronics,9613.11,45,1621.07,8910,7992.04
2025-12-06,South,Gadget X,Software,5405.76,43,1140.58,6649,4265.18
2025-03-10,East,Gadget Y,Electronics,4936.11,13,2600.76,2096,2335.35
2025-02-03,South,Widget B,Software,4078.68,13,556.72,2951,3521.96
2025-09-19,South,Widget A,Hardware,1621.54,60,3771.27,8799,-2149.73
2025-02-22,South,Widget B,Software,5768.81,57,4535.86,9804,1232.95
2025-07-24,North,Gadget Y,Software,2842.42,86,3730.0,1595,-887.58
2025-05-06,West,Gadget Y,Electronics,9220.94,92,2687.49,8875,6533.45
2025-08-23,East,Tool Z,Hardware,5873.59,52,4310.31,5439,1563.28
2025-02-12,West,Gadget Y,Hardware,5969.12,53,3489.85,6972,2479.27
2025-08-28,East,Gadget X,Hardware,3613.75,86,102.23,1858,3511.52
2025-04-21,South,Widget A,Hardware,614.69,43,2000.75,6519,-1386.06
2025-09-06,North,Tool Z,Software,414.26,83,4262.21,8385,-3847.95
2025-05-31,West,Gadget X,Hardware,4291.02,72,1762.0,9636,2529.02
2025-07-02,North,Widget B,Software,937.2,72,224.32,5317,712.88
2025-12-02,East,Widget A,Software,6107.78,42,3743.59,4454,2364.19
2025-04-05,North,Gadget Y,Software,8821.63,90,4020.09,2030,4801.54
2025-01-08,North,Widget A,Hardware,8840.86,26,844.94,8906,7995.92
2025-12-26,West,Widget B,Electronics,6624.55,23,2709.84,2447,3914.71
2025-07-03,South,Tool Z,Electronics,2191.2,43,1000.18,3850,1191.02
2025-10-08,North,Tool Z,Hardware,8643.67,77,3610.21,9106,5033.46
2025-07-14,South,Tool Z,Electronics,8872.33,28,1394.17,8151,7478.16
2025-12-18,East,Gadget Y,Electronics,2046.87,9,1615.26,7952,431.61
2025-07-14,North,Gadget X,Software,7400.52,20,4232.61,5055,3167.91
2025-06-04,West,Gadget X,Software,2936.54,56,2407.8,6402,528.74
2025-04-03,East,Widget A,Hardware,8046.14,83,3365.28,2672,4680.86
2025-06-09,East,Gadget Y,Hardware,9972.66,39,2041.75,5532,7930.91
2025-03-02,West,Tool Z,Electronics,397.26,51,1525.13,5924,-1127.87
2025-05-02,North,Tool Z,Software,8983.92,12,3146.12,7085,5837.8
2025-02-20,North,Widget B,Hardware,6264.04,79,816.54,8734,5447.5
2025-10-04,East,Widget B,Hardware,9736.49,95,1896.35,5864,7840.14
2025-01-05,North,Tool Z,Hardware,4703.59,55,1084.73,2221,3618.86
2025-04-02,South,Tool Z,Hardware,8489.14,78,3494.19,3860,4994.95
2025-06-19,West,Gadget Y,Hardware,717.7,11,4723.83,9428,-4006.13
2025-11-13,South,Gadget X,Hardware,3419.26,26,4977.78,4253,-1558.52
2025-01-22,North,Widget B,Electronics,763.46,42,2278.87,4782,-1515.41
2025-11-22,East,Gadget X,Software,9755.9,27,1300.03,7957,8455.87
2025-01-01,West,Gadget Y,Software,8188.04,11,2242.01,1766,5946.03
2025-05-13,North,Tool Z,Hardware,8540.22,38,4243.98,3681,4296.24
2025-08-21,North,Gadget X,Software,9385.86,98,1069.73,8710,8316.13
2025-01-12,East,Tool Z,Software,942.52,43,4762.87,8482,-3820.35
2025-12-12,East,Tool Z,Software,3917.42,19,1742.24,6086,2175.18
2025-02-15,South,Widget A,Hardware,803.25,64,4929.73,8964,-4126.48
2025-02-03,West,Gadget X,Hardware,2186.85,6,4201.11,3665,-2014.26
2025-03-19,West,Gadget X,Software,2370.72,46,4052.42,4513,-1681.7
2025-08-06,East,Tool Z,Software,4744.16,42,1623.63,1495,3120.53
2025-10-28,South,Gadget Y,Hardware,2758.77,92,93.45,6822,2665.32
2025-03-14,West,Widget A,Electronics,1099.68,65,1941.56,3072,-841.88
2025-10-09,East,Tool Z,Software,1758.16,99,1543.96,8795,214.2
2025-09-06,North,Widget B,Electronics,1558.03,72,235.12,9529,1322.91
2025-02-16,West,Widget B,Software,9733.46,59,2551.56,4949,7181.9
2025-05-01,South,Widget A,Electronics,7617.0,52,2045.0,7033,5572.0
2025-08-02,South,Gadget Y,Electronics,9680.84,47,3191.05,9328,6489.79
2025-08-27,South,Tool Z,Electronics,4453.43,7,3124.87,3555,1328.56
2025-02-25,North,Gadget X,Hardware,2855.85,11,647.7,7370,2208.15
2025-12-16,West,Widget A,Electronics,8003.1,61,4885.98,5415,3117.12
2025-04-17,West,Gadget Y,Electronics,3329.91,68,975.31,6959,2354.6
2025-11-15,North,Gadget X,Electronics,3063.9,25,2254.11,6993,809.79
2025-02-17,West,Widget B,Software,2401.81,12,2466.18,6021,-64.37
2025-03-02,North,Widget B,Electronics,1383.82,26,4074.66,3907,-2690.84
2025-12-03,North,Gadget X,Software,2638.98,12,541.19,3914,2097.79
2025-01-26,North,Widget A,Electronics,3617.67,43,2171.79,4870,1445.88
2025-10-19,South,Widget B,Electronics,6772.54,51,3161.09,6085,3611.45
2025-09-14,West,Tool Z,Hardware,719.39,37,1115.02,7546,-395.63
2025-01-08,North,Gadget X,Software,2184.02,46,3155.97,1395,-971.95
2025-04-23,West,Gadget X,Electronics,8109.33,53,4622.14,1938,3487.19
2025-12-21,South,Widget B,Software,1554.53,88,4987.71,3510,-3433.18
2025-09-10,North,Widget A,Software,3492.19,80,210.63,5636,3281.56
2025-06-29,East,Tool Z,Hardware,8660.12,13,1216.16,2649,7443.96
2025-07-26,South,Widget A,Hardware,1633.76,89,1586.02,4690,47.74
2025-10-30,East,Gadget Y,Hardware,919.09,54,2025.67,4435,-1106.58
2025-05-07,West,Gadget Y,Hardware,4896.93,57,1249.17,4201,3647.76
2025-02-25,West,Widget B,Hardware,3093.95,4,1057.27,5179,2036.68
2025-08-02,South,Widget B,Hardware,5677.74,75,4775.04,9405,902.7
2025-01-14,West,Widget B,Hardware,8057.67,96,4596.68,4237,3460.99
2025-01-28,East,Gadget Y,Hardware,1457.77,49,282.61,4862,1175.16
2025-03-19,North,Widget A,Electronics,5848.92,7,1727.12,1058,4121.8
2025-08-04,North,Widget A,Software,5104.54,11,2055.49,5938,3049.05
2025-12-31,North,Widget B,Hardware,1526.38,92,1233.12,3971,293.26
2025-06-03,South,Tool Z,Hardware,6277.59,54,3162.92,9314,3114.67
2025-01-14,West,Widget A,Software,2809.04,87,3219.88,4345,-410.84
2025-07-06,East,Gadget Y,Electronics,4929.56,45,4260.0,3486,669.56
2025-11-08,West,Gadget X,Software,914.5,23,3717.3,1561,-2802.8
2025-01-07,West,Gadget X,Software,4649.88,28,2735.74,4981,1914.14
2025-01-03,West,Gadget X,Hardware,3133.99,57,3285.25,7261,-151.26
2025-04-21,North,Tool Z,Software,8241.57,26,1406.24,2737,6835.33
2025-08-26,East,Widget B,Software,664.09,25,2985.63,4554,-2321.54
2025-12-29,East,Gadget Y,Hardware,4244.21,54,2471.67,8095,1772.54
2025-08-27,West,Tool Z,Hardware,4638.47,29,710.06,9266,3928.41
2025-10-01,North,Gadget Y,Hardware,7277.56,83,1250.59,1294,6026.97
2025-10-21,North,Gadget Y,Hardware,5785.45,97,1493.88,9212,4291.57
2025-08-15,East,Widget B,Software,6705.4,36,4625.33,6330,2080.07
2025-01-15,North,Gadget X,Software,7792.79,14,1190.41,5655,6602.38
2025-07-11,North,Widget B,Electronics,8635.81,78,1481.76,2109,7154.05
2025-04-29,North,Tool Z,Electronics,3207.37,35,1878.3,4771,1329.07
2025-01-28,South,Tool Z,Software,5426.42,30,3335.53,9563,2090.89
2025-07-21,West,Tool Z,Electronics,8417.07,92,635.28,7123,7781.79
2025-02-08,East,Widget B,Software,9895.57,17,4772.03,8647,5123.54
2025-09-30,East,Gadget Y,Electronics,8906.24,67,4334.58,2174,4571.66
2025-08-19,South,Gadget Y,Hardware,3777.53,80,2907.22,2164,870.31
2025-03-27,West,Widget A,Electronics,2032.15,30,3386.49,9712,-1354.34
2025-05-06,East,Tool Z,Hardware,4944.99,93,132.47,5466,4812.52
2025-10-27,North,Gadget Y,Hardware,7442.25,45,1727.78,6538,5714.47
2025-01-25,East,Widget A,Hardware,4976.43,79,3988.52,8111,987.91
2025-05-25,North,Gadget Y,Hardware,4883.49,89,433.54,9434,4449.95
2025-01-13,South,Tool Z,Electronics,8398.48,51,1447.45,3800,6951.03
2025-07-31,North,Gadget X,Software,3677.9,47,2947.22,5607,730.68
2025-01-25,East,Tool Z,Hardware,8611.97,53,1319.24,8262,7292.73
2025-03-09,East,Widget B,Electronics,4127.37,64,4673.19,2541,-545.82
2025-03-08,East,Gadget Y,Hardware,3349.51,38,698.74,3765,2650.77
2025-08-21,South,Gadget Y,Electronics,4594.5,64,3997.1,5491,597.4
2025-04-19,South,Widget B,Electronics,7648.22,87,2564.35,4083,5083.87
2025-05-26,West,Widget B,Electronics,1347.42,89,3764.14,6356,-2416.72
2025-04-21,East,Gadget X,Software,2044.55,7,1588.04,2857,456.51
2025-08-16,North,Gadget Y,Electronics,9519.3,22,2596.72,1769,6922.58
2025-04-21,South,Gadget Y,Electronics,1837.37,81,4291.33,2422,-2453.96
2025-02-03,East,Gadget X,Software,5720.5,82,2361.05,9598,3359.45
2025-04-21,East,Widget A,Software,5835.21,41,1830.61,3972,4004.6
2025-09-21,South,Gadget X,Electronics,4947.28,74,2703.97,2872,2243.31
2025-08-24,West,Tool Z,Software,6482.98,10,3600.95,6599,2882.03
2025-03-24,South,Gadget Y,Hardware,2375.28,57,2245.64,3269,129.64
2025-02-11,South,Widget B,Hardware,5571.36,7,4697.44,6275,873.92
2025-04-11,North,Tool Z,Software,3784.52,50,1509.98,5749,2274.54
2025-01-06,North,Gadget Y,Software,6650.51,91,2403.54,7571,4246.97
2025-06-29,West,Gadget X,Electronics,1498.11,52,3796.79,6072,-2298.68
2025-10-09,East,Tool Z,Software,5751.69,33,3461.15,6463,2290.54
2025-11-16,South,Gadget Y,Electronics,1934.18,1,4325.02,8450,-2390.84
2025-08-14,West,Widget A,Hardware,2858.57,53,4984.21,9420,-2125.64
2025-11-11,North,Widget A,Software,2265.23,60,2162.95,4959,102.28
2025-12-31,South,Widget B,Electronics,1910.09,34,600.2,2313,1309.89
2025-08-17,East,Gadget Y,Electronics,8274.54,4,200.56,8847,8073.98
2025-10-16,North,Widget A,Hardware,2928.5,17,3648.04,2070,-719.54
2025-05-30,North,Gadget X,Software,9278.53,4,4376.37,4285,4902.16
2025-10-04,North,Gadget Y,Hardware,9702.27,43,1142.53,9949,8559.74
2025-07-17,West,Gadget X,Electronics,5755.48,90,834.32,4095,4921.16
2025-03-11,East,Gadget X,Electronics,1515.71,4,357.92,1320,1157.79
2025-04-22,South,Widget A,Software,3808.03,1,4122.38,3321,-314.35
2025-01-04,West,Gadget Y,Electronics,7997.55,71,1591.34,1555,6406.21
2025-12-16,West,Tool Z,Software,3737.17,94,2038.4,5939,1698.77
2025-11-27,West,Widget A,Hardware,961.47,50,2538.61,6432,-1577.14
2025-11-14,North,Widget A,Software,5612.17,73,4205.29,2386,1406.88
2025-12-16,East,Gadget Y,Software,8466.7,61,3271.62,5763,5195.08
2025-04-05,West,Gadget Y,Electronics,7979.67,35,3094.57,7854,4885.1
2025-06-01,South,Gadget X,Electronics,1833.72,8,919.58,8637,914.14
2025-11-07,East,Gadget Y,Software,6760.37,24,2590.29,5841,4170.08
2025-05-17,South,Gadget X,Electronics,2282.99,83,3591.14,4867,-1308.15
2025-09-04,East,Widget A,Electronics,2260.25,36,4867.64,4793,-2607.39
2025-08-31,South,Widget B,Electronics,8753.31,50,1046.96,8373,7706.35
2025-01-31,North,Tool Z,Software,2571.72,43,97.24,3513,2474.48
2025-02-09,West,Widget A,Electronics,2706.15,27,422.74,4803,2283.41
2025-08-17,South,Gadget Y,Software,106.47,32,1910.47,3327,-1804.0
2025-02-05,East,Tool Z,Electronics,8719.62,78,4111.7,9809,4607.92
2025-08-11,West,Widget B,Hardware,7946.69,18,85.35,3165,7861.34
2025-01-06,West,Widget B,Electronics,6310.56,28,2310.82,4308,3999.74
2025-11-18,East,Gadget X,Electronics,7527.63,29,1679.69,7452,5847.94
2025-08-08,South,Tool Z,Software,1605.28,16,309.78,9067,1295.5
2025-03-16,North,Gadget X,Software,4637.4,99,2278.67,8642,2358.73
2025-01-04,North,Widget A,Electronics,3577.07,47,1311.01,7404,2266.06
2025-12-01,South,Tool Z,Hardware,1028.39,59,1791.83,1992,-763.44
2025-05-14,West,Widget A,Electronics,4912.69,31,3542.8,6424,1369.89
2025-04-28,West,Gadget X,Electronics,9215.32,4,2631.68,5381,6583.64
2025-04-04,West,Tool Z,Hardware,496.59,37,667.0,4174,-170.41
2025-03-03,West,Gadget X,Software,2985.46,17,4809.0,5782,-1823.54
2025-07-13,South,Tool Z,Electronics,2154.66,39,3197.76,6560,-1043.1
2025-12-01,West,Gadget X,Software,2457.65,48,3841.05,8460,-1383.4
2025-07-22,East,Widget B,Software,9093.5,46,442.11,4078,8651.39
2025-01-26,West,Gadget X,Hardware,4733.88,90,282.94,3983,4450.94
2025-06-22,North,Widget B,Hardware,4716.36,48,146.27,8259,4570.09
2025-10-27,West,Gadget X,Software,7629.7,39,984.53,7054,6645.17
2025-05-13,South,Tool Z,Electronics,1629.47,4,2101.32,3523,-471.85
2025-11-22,North,Tool Z,Software,4923.93,30,4682.34,5581,241.59
2025-04-28,South,Tool Z,Electronics,4356.85,30,2312.45,6609,2044.4
2025-11-20,South,Gadget Y,Electronics,6009.42,22,1486.76,3001,4522.66
2025-10-02,North,Widget A,Hardware,9995.62,75,2831.58,2387,7164.04
2025-07-31,South,Tool Z,Electronics,7717.54,66,604.08,7552,7113.46
2025-08-13,South,Widget B,Electronics,4038.87,12,3067.05,2030,971.82
2025-01-20,West,Tool Z,Software,8292.78,94,2863.74,2220,5429.04
2025-04-23,East,Gadget Y,Hardware,1790.01,36,3970.37,7035,-2180.36
2025-05-20,South,Widget B,Electronics,401.59,18,4934.1,7523,-4532.51
2025-02-16,South,Gadget Y,Electronics,2124.04,90,1291.82,9074,832.22
2025-01-01,South,Widget B,Hardware,3470.07,53,2572.8,1834,897.27
2025-03-31,West,Gadget X,Software,5154.75,71,4548.88,2724,605.87
2025-05-22,East,Widget A,Hardware,6189.78,1,3936.69,7598,2253.09
2025-11-16,North,Widget A,Hardware,9115.0,58,2462.66,3413,6652.34
2025-02-07,West,Gadget Y,Electronics,5147.55,90,4729.59,6993,417.96
2025-10-20,West,Widget A,Electronics,5062.63,87,333.32,5498,4729.31
2025-05-19,East,Gadget Y,Software,597.41,90,4658.44,3105,-4061.03
2025-12-22,East,Gadget Y,Electronics,445.62,6,300.01,3568,145.61
2025-11-29,West,Gadget Y,Electronics,5556.48,70,2759.16,1209,2797.32
